<hazelcast xmlns:xsi="http://www.w3.org/2001/XMLSchema-instance"
           xsi:schemaLocation="http://www.hazelcast.com/schema/config
                               http://www.hazelcast.com/schema/config/hazelcast-config-3.6.xsd"
           xmlns="http://www.hazelcast.com/schema/config">

    <properties>
        <property name="hazelcast.initial.min.cluster.size">1</property>
    </properties>
    <network>
        <port auto-increment="true" port-count="100">5701</port>
        <join>
            <multicast enabled="false"/>
            <tcp-ip enabled="true">
                <interface>0.0.0.0</interface>
                <member>10.20.175.118</member>
                <member>10.20.175.119</member>
            </tcp-ip>
        </join>
    </network>
</hazelcast>